id,institution_id,institution_name,institution_type,simplified_institution_category,target_firm_label,country_code,publication_count,degree_centrality,weighted_degree,betweenness_centrality,eigenvector_centrality,community,company_neighbor_count,education_neighbor_count,research_institute_neighbor_count
I97018004,I97018004,Stanford University,education,education,Other,US,318,0.09267241379310345,1437.0,0.1965713087700567,0.1955268107477081,0,66,328,108
I136199984,I136199984,Harvard University,education,education,Other,US,206,0.09226831896551724,1451.0,0.1432564151160435,0.20482042720138602,0,46,305,99
I99065089,I99065089,Tsinghua University,education,education,Other,CN,305,0.06223060344827586,1054.0,0.1404705051595482,0.23437663194827474,4,68,230,58
I19820366,I19820366,Chinese Academy of Sciences,government,government,Other,CN,245,0.06734913793103448,1220.0,0.098378643453548,0.2652163846855801,4,35,283,116
I40120149,I40120149,University of Oxford,education,education,Other,GB,133,0.08674568965517242,1006.0,0.09138905524091384,0.11083797899467857,24,41,298,116
I63966007,I63966007,Massachusetts Institute of Technology,education,education,Other,US,164,0.06842672413793104,935.0,0.07088100659254645,0.14676557806783141,0,46,247,95
I172675005,I172675005,Nanyang Technological University,education,education,Other,SG,217,0.03892780172413793,714.0,0.06899586938018425,0.1436033810496911,4,27,200,29
I165932596,I165932596,National University of Singapore,education,education,Other,SG,183,0.060075431034482756,819.0,0.06845311566950417,0.14726431240213553,4,27,235,52
I889458895,I889458895,University of Hong Kong,education,education,Other,HK,218,0.05024245689655173,865.0,0.06303692195927249,0.21786763040785728,4,35,216,39
I74973139,I74973139,Carnegie Mellon University,education,education,Other,US,173,0.047009698275862065,612.0,0.06080905321658194,0.10237646416581751,0,40,216,48
I45129253,I45129253,University College London,education,education,Other,GB,121,0.07327586206896551,876.0,0.058855114027432986,0.10437950360749798,16,31,290,84
I177725633,I177725633,Chinese University of Hong Kong,education,education,Other,HK,153,0.05212823275862069,753.0,0.05869956030866119,0.17801144425454982,4,29,230,29
I1294671590,I1294671590,Centre National de la Recherche Scientifique,government,government,Other,FR,84,0.06667564655172414,728.0,0.05659732019085655,0.04338141341001011,1,20,244,165
I241749,I241749,University of Cambridge,education,education,Other,GB,110,0.07502693965517242,873.0,0.04530433679977002,0.10085559902262765,0,40,298,102
I201448701,I201448701,University of Washington,education,education,Other,US,155,0.06748383620689655,811.0,0.039705346372124445,0.10924327806758484,0,34,269,64
I185261750,I185261750,University of Toronto,education,education,Other,CA,122,0.051858836206896554,619.0,0.03716482946251779,0.05470408897125211,0,26,186,43
I183067930,I183067930,Shanghai Jiao Tong University,education,education,Other,CN,199,0.05105064655172414,784.0,0.03569929886086547,0.16108954832398215,4,30,186,47
I62916508,I62916508,Technical University of Munich,education,education,Other,DE,108,0.049703663793103446,585.0,0.03381183159384485,0.05609357474552975,17,21,200,65
I1291425158,I1291425158,Google (United States),company,company,Google / Google DeepMind / DeepMind,US,197,0.04162176724137931,590.0,0.03379126608618023,0.08806416609161265,0,45,187,37
I20231570,I20231570,Peking University,education,education,Other,CN,207,0.05495689655172414,811.0,0.03333721167062205,0.16641150674527763,4,39,213,42
I95457486,I95457486,"University of California, Berkeley",education,education,Other,US,127,0.04458512931034483,617.0,0.032234650372488204,0.08447689854674571,0,42,183,59
I205783295,I205783295,Cornell University,education,education,Other,US,116,0.05374461206896552,661.0,0.027334571110828463,0.06861603238584944,0,30,208,53
I200769079,I200769079,Hong Kong University of Science and Technology,education,education,Other,HK,173,0.04566271551724138,713.0,0.02664944559712887,0.1866836670201375,4,51,184,40
I76130692,I76130692,Zhejiang University,education,education,Other,CN,191,0.04337284482758621,609.0,0.026007427106857512,0.10872989138321665,4,31,193,28
I74801974,I74801974,The University of Tokyo,education,education,Other,JP,66,0.05105064655172414,482.0,0.024237161282761814,0.041585681520098644,24,14,193,75
I4210087915,I4210087915,Massachusetts General Hospital,healthcare,healthcare,Other,US,78,0.04323814655172414,606.0,0.02279186978312911,0.09803771302060416,0,14,153,31
I78577930,I78577930,Columbia University,education,education,Other,US,119,0.0390625,478.0,0.017441012687019804,0.06877310719186962,11,22,169,42
I56590836,I56590836,Monash University,education,education,Other,AU,106,0.03596443965517241,371.0,0.01741610104733556,0.03903414399007022,2,10,179,21
I32971472,I32971472,Yale University,education,education,Other,US,97,0.05158943965517241,536.0,0.016701395018227976,0.06987147822676262,11,26,196,54
I4391012619,I4391012619,Shanghai Artificial Intelligence Laboratory,facility,research_institute,Other,,118,0.025323275862068964,497.0,0.015761468727402066,0.16294310257858893,4,22,108,30
I20089843,I20089843,Princeton University,education,education,Other,US,81,0.044046336206896554,511.0,0.015011636890198955,0.0750325942664067,11,29,189,64
I157773358,I157773358,Sun Yat-sen University,education,education,Other,CN,125,0.051454741379310345,662.0,0.014310363240781245,0.10879298477591928,4,21,173,39
I157725225,I157725225,University of Illinois Urbana-Champaign,education,education,Other,US,103,0.049703663793103446,545.0,0.013691847759008911,0.07074198560236256,11,31,203,68
I14243506,I14243506,Hong Kong Polytechnic University,education,education,Other,HK,127,0.03246228448275862,351.0,0.013100199020226175,0.05672770855901883,4,9,175,19
I168719708,I168719708,City University of Hong Kong,education,education,Other,HK,69,0.026400862068965518,267.0,0.012839884580113672,0.03956357788716378,4,18,153,9
I129604602,I129604602,The University of Sydney,education,education,Other,AU,75,0.025457974137931032,284.0,0.012438223289667375,0.0483978206411857,4,15,117,17
I31746571,I31746571,UNSW Sydney,education,education,Other,AU,58,0.028286637931034482,263.0,0.011849069733967127,0.025078444083744097,13,5,166,17
I151746483,I151746483,University of Waterloo,education,education,Other,CA,61,0.029364224137931032,326.0,0.011557819780087982,0.05526032586470406,11,25,130,31
I126520041,I126520041,University of Science and Technology of China,education,education,Other,CN,146,0.025592672413793104,351.0,0.011238240171618553,0.08173097796666888,4,27,116,29
I36258959,I36258959,University of California San Diego,education,education,Other,US,93,0.03919719827586207,423.0,0.011233506812525405,0.05779172495694593,0,23,157,35
I27837315,I27837315,University of Michigan,education,education,Other,US,91,0.05374461206896552,522.0,0.010782779114995767,0.053699076830295435,24,26,196,71
I139264467,I139264467,Seoul National University,education,education,Other,KR,44,0.026804956896551723,230.0,0.010752677035941125,0.01591422191973542,24,12,117,20
I98677209,I98677209,University of Edinburgh,education,education,Other,GB,64,0.05455280172413793,520.0,0.010477426967471852,0.05433097585526525,24,25,216,67
I79576946,I79576946,University of Pennsylvania,education,education,Other,US,70,0.04525862068965517,481.0,0.010236346123001701,0.057925151139404864,11,26,178,50
I47508984,I47508984,Imperial College London,education,education,Other,GB,87,0.033270474137931036,357.0,0.01007124765085898,0.054486463279462466,4,21,130,28
I1174212,I1174212,University of Southern California,education,education,Other,US,91,0.041891163793103446,418.0,0.00983910041634994,0.04005212951149216,24,25,163,30
I183935753,I183935753,King's College London,education,education,Other,GB,72,0.037984913793103446,387.0,0.009732335372541413,0.03813731146388354,16,17,166,29
I57206974,I57206974,New York University,education,education,Other,US,115,0.042295258620689655,491.0,0.00933376456571199,0.06252094770747336,0,25,188,33
I4210121988,I4210121988,Film Independent,nonprofit,nonprofit,Other,US,10,0.007408405172413793,75.0,0.008917107325514645,0.008030886717117502,0,6,32,8
I1290206253,I1290206253,Microsoft (United States),company,company,Microsoft,US,116,0.02478448275862069,360.0,0.008825116708177694,0.06712923813168406,0,40,92,15
I223822909,I223822909,Heidelberg University,education,education,Other,DE,57,0.03879310344827586,509.0,0.008703230404547178,0.025885911007864373,17,10,119,39
I4210100255,I4210100255,Beijing Academy of Artificial Intelligence,other,unknown,Other,CN,108,0.030037715517241378,514.0,0.008617664446113105,0.16643199262857825,4,18,122,32
I35928602,I35928602,Kyung Hee University,education,education,Other,KR,23,0.008216594827586207,92.0,0.008442169441722646,0.010349714567249592,13,0,54,1
I16391192,I16391192,Tel Aviv University,education,education,Other,IL,63,0.019800646551724137,236.0,0.00829384378430356,0.014814317882497862,34,15,74,16
I4210113480,I4210113480,Mohamed bin Zayed University of Artificial Intelligence,education,education,Other,AE,51,0.01939655172413793,217.0,0.008235554791784595,0.043418000185715074,0,18,99,14
I8204097,I8204097,Ludwig-Maximilians-Universität München,education,education,Other,DE,62,0.03636853448275862,373.0,0.007825659517506524,0.035638750890271825,17,12,139,61
I40347166,I40347166,University of Chicago,education,education,Other,US,62,0.0412176724137931,445.0,0.007747726397158143,0.05167745145065053,11,23,157,63
I82880672,I82880672,Beihang University,education,education,Other,CN,101,0.022225215517241378,287.0,0.007641480723716964,0.07031346610876375,4,11,105,21
I1284598098,I1284598098,King Abdulaziz City for Science and Technology,facility,research_institute,Other,SA,10,0.0024245689655172415,31.0,0.007544645864205847,0.004686772759720112,0,2,12,4
I28022161,I28022161,King Saud University,education,education,Other,SA,28,0.00902478448275862,73.0,0.0075423913553727805,0.0008081239373297133,13,1,56,7
I33849332,I33849332,University of Malaya,education,education,Other,MY,20,0.02451508620689655,203.0,0.007268148620027552,0.02847443011506175,11,6,109,26
I204983213,I204983213,Harbin Institute of Technology,education,education,Other,CN,120,0.018992456896551723,267.0,0.007213959752114043,0.06262888281915159,4,20,98,14
I24943067,I24943067,Fudan University,education,education,Other,CN,122,0.030576508620689655,388.0,0.007026928038231367,0.07393998411106517,4,20,130,27
I4210165038,I4210165038,University of Chinese Academy of Sciences,education,education,Other,CN,155,0.0390625,672.0,0.006926694419853351,0.1941845303870699,4,22,148,75
I141945490,I141945490,University of British Columbia,education,education,Other,CA,51,0.029094827586206896,253.0,0.006905739698530343,0.028889276383858662,1,18,132,23
I5023651,I5023651,McGill University,education,education,Other,CA,44,0.03542564655172414,361.0,0.006835269573969333,0.035689073450252844,0,21,137,45
I180670191,I180670191,"University of California, San Francisco",education,education,Other,US,58,0.027747844827586205,336.0,0.006701831275668084,0.04822863970617182,0,14,84,27
I124055696,I124055696,University of Copenhagen,education,education,Other,DK,40,0.01697198275862069,167.0,0.006679882621048463,0.017245820836967008,0,14,73,13
I5124864,I5124864,École Polytechnique Fédérale de Lausanne,education,education,Other,CH,43,0.03785021551724138,372.0,0.006265808914391114,0.03258530523268698,0,21,133,75
I165733156,I165733156,University of Georgia,education,education,Other,US,42,0.02195581896551724,253.0,0.006189326109856485,0.032737542148847755,4,7,103,25
I85461943,I85461943,Saveetha University,education,education,Other,IN,11,0.004040948275862069,34.0,0.006153623060255473,0.00024221774872769223,13,4,22,1
I4210116924,I4210116924,"Chinese University of Hong Kong, Shenzhen",education,education,Other,CN,52,0.017780172413793104,215.0,0.005955634773116018,0.042701926300617234,4,12,86,13
I202697423,I202697423,University of Zurich,education,education,Other,CH,43,0.03461745689655173,329.0,0.005951738799650861,0.027540479875159826,11,9,145,41
I9360294,I9360294,University of Bologna,education,education,Other,IT,32,0.020339439655172414,173.0,0.00586081593952277,0.01052173149184356,13,5,102,15
I24027795,I24027795,University of Johannesburg,education,education,Other,ZA,17,0.015220905172413793,124.0,0.005762219015273799,0.0020861048841067666,13,1,100,7
I165779595,I165779595,The University of Melbourne,education,education,Other,AU,41,0.02720905172413793,243.0,0.005703202311814059,0.018546329655187318,24,5,95,23
I204730241,I204730241,Université Paris Cité,education,education,Other,FR,17,0.03259698275862069,301.0,0.005660135354833898,0.027581724259755164,11,8,118,63
I37461747,I37461747,Wuhan University,education,education,Other,CN,86,0.01953125,215.0,0.005625444941630625,0.033557464197992354,4,10,94,14
I173093425,I173093425,Chang Gung University,education,education,Other,TW,7,0.014143318965517241,136.0,0.005552991844639037,0.01285527268932796,6,2,56,9
I145311948,I145311948,Johns Hopkins University,education,education,Other,US,78,0.0390625,397.0,0.005548524063397274,0.05392196213875592,24,27,137,30
I881766915,I881766915,Nanjing University,education,education,Other,CN,63,0.021821120689655173,253.0,0.00552465501659954,0.05590032205041997,4,16,109,20
I139660479,I139660479,Central South University,education,education,Other,CN,51,0.02626616379310345,259.0,0.00550953899484627,0.03191316228096473,4,12,107,17
I161318765,I161318765,"University of California, Los Angeles",education,education,Other,US,68,0.02626616379310345,274.0,0.005484334428534204,0.04043981037385769,0,22,107,20
I1343551460,I1343551460,The University of Texas MD Anderson Cancer Center,healthcare,healthcare,Other,US,19,0.01050646551724138,154.0,0.005390062866442307,0.012835110725830655,0,2,47,5
I130828816,I130828816,University of Leeds,education,education,Other,GB,25,0.030441810344827586,268.0,0.005354516353431727,0.01710956154211813,1,6,149,26
I130701444,I130701444,Georgia Institute of Technology,education,education,Other,US,91,0.028151939655172414,305.0,0.005217461915351374,0.04476792495580787,0,21,131,27
I194450716,I194450716,Jilin University,education,education,Other,CN,33,0.011853448275862068,142.0,0.005130531454348943,0.03093991897233481,4,9,67,6
I2802164966,I2802164966,University Hospital Heidelberg,healthcare,healthcare,Other,DE,42,0.023706896551724137,375.0,0.005104290491547193,0.01886290208492914,17,8,72,18
I887968799,I887968799,RWTH Aachen University,education,education,Other,DE,44,0.016567887931034482,215.0,0.005083423655694698,0.00963682939990447,17,6,64,27
I154526488,I154526488,Inserm,government,government,Other,FR,19,0.016567887931034482,159.0,0.0050215624908059924,0.006461168671794909,1,3,44,29
I33213144,I33213144,University of Florida,education,education,Other,US,55,0.03246228448275862,292.0,0.004956249830249142,0.027838327159977822,21,5,168,16
I4210136793,I4210136793,Peng Cheng Laboratory,facility,research_institute,Other,CN,74,0.014547413793103448,217.0,0.004954961575818246,0.05997106589649595,4,17,72,10
I135310074,I135310074,University of Wisconsin–Madison,education,education,Other,US,58,0.03151939655172414,321.0,0.0049354710551038836,0.04324037854925872,0,17,135,35
I24185976,I24185976,Sichuan University,education,education,Other,CN,51,0.02303340517241379,239.0,0.004913839557386878,0.03753660397714235,4,10,93,18
I47720641,I47720641,Huazhong University of Science and Technology,education,education,Other,CN,68,0.029364224137931032,313.0,0.004751413685788134,0.06107093234287866,4,18,121,21
I200296433,I200296433,Chinese Academy of Medical Sciences & Peking Union Medical College,education,education,Other,CN,35,0.029633620689655173,321.0,0.004742563879494706,0.05114188960928268,4,11,97,19
I52357470,I52357470,The Ohio State University,education,education,Other,US,52,0.03125,278.0,0.004726471766770856,0.03302409534861871,11,6,136,39
I150468666,I150468666,Emory University,education,education,Other,US,44,0.02693965517241379,282.0,0.004673941775131087,0.038577696424548016,0,13,114,22
I70931966,I70931966,Université de Montréal,education,education,Other,CA,30,0.018857758620689655,211.0,0.004669684546530614,0.025836737519680807,0,11,76,12
I118501908,I118501908,National Research University Higher School of Economics,education,education,Other,RU,11,0.009159482758620689,72.0,0.004638278094484874,0.0041137068208670895,21,1,59,5
